rank,name,profile,ppi,playing_time
1,Raphinha,Attacker,10.0,90
2,Lamine Yamal,Attacker,8.909259668614263,90
3,Pedri,Midfielder,8.81480866743736,90
4,Wojciech Szczesny,Goalkeeper,7.854921556482485,90
5,Frenkie de Jong,Midfielder,6.361387513244841,90
6,Ferran Torres,Attacker,5.97654260711317,88
7,Inigo Martinez,Defender,4.670659350325322,90
8,Dani Olmo,Midfielder,3.8743515035969733,76
9,Eric Garcia,Defender,3.6540569974880555,77
10,Alejandro Balde,Defender,2.498472787134035,34
11,Pau Cubarsi,Defender,2.236737626652823,56
12,Gerard Martin,Defender,1.590077761187437,56
13,Andreas Christensen,Defender,1.4739900862133581,34
