name,profile,playing_time,goals,assists,key_passes,completed_passes,success_rate,possession_participation,touches,shots,shots_on_goal,crosses,turnovers,recoveries,fouls,yellow_cards,red_cards,saves,clean_sheets,offsides,outcome,match_id
Robert Lewandowski,Attacker,90,1,1,2,11,68.8,5.86,28,2,1,0,3,1,1,0,0,0,0,0,0,supercopa-2025-01-12
Raphinha,Attacker,78,2,1,3,24,75.0,9.41,45,4,3,4,2,2,1,0,0,0,0,0,0,supercopa-2025-01-12
Lamine Yamal,Attacker,58,1,0,2,18,82.0,7.95,38,3,2,1,2,1,2,0,0,0,0,0,0,supercopa-2025-01-12
Dani Olmo,Midfielder,32,0,0,1,12,88.0,4.6,22,1,0,0,1,1,0,0,0,0,0,0,0,supercopa-2025-01-12
Gavi,Midfielder,58,0,0,1,14,85.0,5.44,26,0,0,0,2,2,1,0,0,0,0,0,0,supercopa-2025-01-12
Pedri,Midfielder,90,0,0,1,52,91.0,15.06,72,0,0,1,2,5,1,0,0,0,0,0,0,supercopa-2025-01-12
Marc Casado,Midfielder,90,0,1,2,48,89.0,13.6,65,0,0,0,3,4,2,1,0,0,0,0,0,supercopa-2025-01-12
Ferran Torres,Attacker,12,0,0,0,3,66.0,1.67,8,0,0,0,1,0,0,0,0,0,0,0,0,supercopa-2025-01-12
Alejandro Balde,Defender,90,1,0,0,38,84.0,10.88,52,1,1,2,2,3,2,0,0,0,0,0,0,supercopa-2025-01-12
Inigo Martinez,Defender,27,0,0,0,14,86.0,3.77,18,0,0,0,0,2,1,1,0,0,0,0,0,supercopa-2025-01-12
Ronald Araujo,Defender,63,0,0,0,22,88.0,5.86,28,0,0,0,1,3,1,0,0,0,0,0,0,supercopa-2025-01-12
Pau Cubarsi,Defender,90,0,0,0,41,87.0,11.51,55,0,0,0,1,4,1,0,0,0,0,0,0,supercopa-2025-01-12
Jules Kounde,Defender,90,0,1,1,44,90.0,12.13,58,0,0,1,1,2,1,0,0,0,0,0,0,supercopa-2025-01-12
Wojciech Szczesny,Goalkeeper,55,0,0,0,18,83.0,5.02,24,0,0,0,0,1,0,0,0,4,0,0,0,supercopa-2025-01-12
